{
    "Per-item fees":
    {
        "Professional sellers": 0,
        "Individual sellers": 0.99
    },
    "Closing fee": 1.8,
    "referral_fee":
    [
        {
            "category": "Amazon Device Accessories",
            "is_media": false,
            "Referral fee percentages":
            {
                "type": "normal",
                "percent": 0.45
            },
            "Applicable minimum referral fee": 0.3
        },
        {
            "category": "Baby Products (excluding Baby Apparel)",
            "is_media": false,
            "Referral fee percentages":
            {
                "type": "divide",
                "formulas":
                [
                    {
                        "range":
                        {
                            "from": 0,
                            "to": 10
                        },
                        "percent": 0.08
                    },
                    {
                        "range":
                        {
                            "from": 10,
                            "to": null
                        },
                        "percent": 0.15
                    }
                ]
            },
            "Applicable minimum referral fee": 0.3
        },
        {
            "category": "Books",
            "is_media": true,
            "Referral fee percentages":
            {
                "type": "normal",
                "percent": 0.15
            },
            "Applicable minimum referral fee": null
        },
        {
            "category": "Camera and Photo",
            "is_media": false,
            "Referral fee percentages":
            {
                "type": "normal",
                "percent": 0.08
            },
            "Applicable minimum referral fee": 0.3
        },
        {
            "category": "Cell Phone Devices",
            "is_media": false,
            "Referral fee percentages":
            {
                "type": "normal",
                "percent": 0.08
            },
            "Applicable minimum referral fee": 0.3
        },
        {
            "category": "Consumer Electronics",
            "is_media": false,
            "Referral fee percentages":
            {
                "type": "normal",
                "percent": 0.08
            },
            "Applicable minimum referral fee": 0.3
        },
        {
            "category": "Electronics Accessories",
            "is_media": false,
            "Referral fee percentages":
            {
                "type": "portion",
                "formulas":
                [
                    {
                        "range":
                        {
                            "from": 0,
                            "to": 100
                        },
                        "percent": 0.15
                    },
                    {
                        "range":
                        {
                            "from": 100,
                            "to": null
                        },
                        "percent": 0.08
                    }
                ]
            },
            "Applicable minimum referral fee": 0.3
        },
        {
            "category": "Furniture (including outdoor furniture)",
            "is_media": false,
            "Referral fee percentages":
            {
                "type": "portion",
                "formulas":
                [
                    {
                        "range":
                        {
                            "from": 0,
                            "to": 200
                        },
                        "percent": 0.15
                    },
                    {
                        "range":
                        {
                            "from": 200,
                            "to": null
                        },
                        "percent": 0.1
                    }
                ]
            },
            "Applicable minimum referral fee": 0.3
        },
        {
            "category": "Home & Garden (including Pet Supplies)",
            "is_media": false,
            "Referral fee percentages":
            {
                "type": "normal",
                "percent": 0.15
            },
            "Applicable minimum referral fee": 0.3
        },
        {
            "category": "Kitchen",
            "is_media": false,
            "Referral fee percentages":
            {
                "type": "normal",
                "percent": 0.15
            },
            "Applicable minimum referral fee": 0.3
        },
        {
            "category": "Major Appliances",
            "is_media": false,
            "Referral fee percentages":
            {
                "type": "portion",
                "formulas":
                [
                    {
                        "range":
                        {
                            "from": 0,
                            "to": 300
                        },
                        "percent": 0.15
                    },
                    {
                        "range":
                        {
                            "from": 300,
                            "to": null
                        },
                        "percent": 0.08
                    }
                ]
            },
            "Applicable minimum referral fee": 0.3
        },
        {
            "category": "Music",
            "is_media": true,
            "Referral fee percentages":
            {
                "type": "normal",
                "percent": 0.15
            },
            "Applicable minimum referral fee": null
        },
        {
            "category": "Musical Instruments",
            "is_media": false,
            "Referral fee percentages":
            {
                "type": "normal",
                "percent": 0.15
            },
            "Applicable minimum referral fee": 0.3
        },
        {
            "category": "Office Products",
            "is_media": false,
            "Referral fee percentages":
            {
                "type": "normal",
                "percent": 0.15
            },
            "Applicable minimum referral fee": 0.3
        },
        {
            "category": "Outdoors",
            "is_media": false,
            "Referral fee percentages":
            {
                "type": "normal",
                "percent": 0.15
            },
            "Applicable minimum referral fee": 0.3
        },
        {
            "category": "Personal Computers",
            "is_media": false,
            "Referral fee percentages":
            {
                "type": "normal",
                "percent": 0.06
            },
            "Applicable minimum referral fee": 0.3
        },
        {
            "category": "Software & Computer/Video Games",
            "is_media": true,
            "Referral fee percentages":
            {
                "type": "normal",
                "percent": 0.15
            },
            "Applicable minimum referral fee": null
        },
        {
            "category": "Sports (excluding Sports Collectibles)",
            "is_media": false,
            "Referral fee percentages":
            {
                "type": "normal",
                "percent": 0.15
            },
            "Applicable minimum referral fee": 0.3
        },
        {
            "category": "Tools & Home Improvement",
            "is_media": false,
            "Referral fee percentages":
            {
                "type": "normal",
                "percent": 0.15
            },
            "Applicable minimum referral fee": 0.3
        },
        {
            "category": "Tools & Home Improvement(base equipment power tools)",
            "is_media": false,
            "Referral fee percentages":
            {
                "type": "normal",
                "percent": 0.12
            },
            "Applicable minimum referral fee": 0.3
        },
        {
            "category": "Toys & Games",
            "is_media": false,
            "Referral fee percentages":
            {
                "type": "normal",
                "percent": 0.15
            },
            "Applicable minimum referral fee": 0.3
        },
        {
            "category": "Unlocked Cell Phones",
            "is_media": false,
            "Referral fee percentages":
            {
                "type": "normal",
                "percent": 0.08
            },
            "Applicable minimum referral fee": 0.3
        },
        {
            "category": "Video & DVD",
            "is_media": true,
            "Referral fee percentages":
            {
                "type": "normal",
                "percent": 0.15
            },
            "Applicable minimum referral fee": null
        },
        {
            "category": "Video Game Consoles",
            "is_media": true,
            "Referral fee percentages":
            {
                "type": "normal",
                "percent": 0.08
            },
            "Applicable minimum referral fee": 0.3
        },
        {
            "category": "Everything Else",
            "is_media": false,
            "Referral fee percentages":
            {
                "type": "normal",
                "percent": 0.15
            },
            "Applicable minimum referral fee": 0.3
        },
        {
            "category": "3D Printed Products",
            "is_media": false,
            "Referral fee percentages":
            {
                "type": "normal",
                "percent": 0.12
            },
            "Applicable minimum referral fee": 0.3
        },
        {
            "category": "Automotive & Powersports",
            "is_media": false,
            "Referral fee percentages":
            {
                "type": "normal",
                "percent": 0.12
            },
            "Applicable minimum referral fee": 0.3
        },
        {
            "category": "Automotive & Powersports(tires and wheel products)",
            "is_media": false,
            "Referral fee percentages":
            {
                "type": "normal",
                "percent": 0.10
            },
            "Applicable minimum referral fee": 0.3
        },
        {
            "category": "Beauty",
            "is_media": false,
            "Referral fee percentages":
            {
                "type": "divide",
                "formulas":
                [
                    {
                        "range":
                        {
                            "from": 0,
                            "to": 10
                        },
                        "percent": 0.08
                    },
                    {
                        "range":
                        {
                            "from": 10,
                            "to": null
                        },
                        "percent": 0.15
                    }
                ]
            },
            "Applicable minimum referral fee": 0.3
        },
        {
            "category": "Clothing & Accessories (including activewear)",
            "is_media": false,
            "Referral fee percentages":
            {
                "type": "normal",
                "percent": 0.17
            },
            "Applicable minimum referral fee": 0.3
        },
        {
            "category": "Collectible Books",
            "is_media": false,
            "Referral fee percentages":
            {
                "type": "normal",
                "percent": 0.15
            },
            "Applicable minimum referral fee": null
        },
        {
            "category": "Collectible Coins",
            "is_media": false,
            "Referral fee percentages":
            {
                "type": "portion",
                "formulas":
                [
                    {
                        "range":
                        {
                            "from": 0,
                            "to": 250
                        },
                        "percent": 0.15
                    },
                    {
                        "range":
                        {
                            "from": 250,
                            "to": 1000
                        },
                        "percent": 0.1
                    },
                    {
                        "range":
                        {
                            "from": 1000,
                            "to": null
                        },
                        "percent": 0.06
                    }
                ]
            },
            "Applicable minimum referral fee": 0.3
        },
        {
            "category": "Entertainment Collectibles",
            "is_media": false,
            "Referral fee percentages":
            {
                "type": "portion",
                "formulas":
                [
                    {
                        "range":
                        {
                            "from": 0,
                            "to": 100
                        },
                        "percent": 0.2
                    },
                    {
                        "range":
                        {
                            "from": 100,
                            "to": 1000
                        },
                        "percent": 0.1
                    },
                    {
                        "range":
                        {
                            "from": 1000,
                            "to": null
                        },
                        "percent": 0.06
                    }
                ]
            },
            "Applicable minimum referral fee": null
        },
        {
            "category": "Fine Art",
            "is_media": false,
            "Referral fee percentages":
            {
                "type": "portion",
                "formulas":
                [
                    {
                        "range":
                        {
                            "from": 0,
                            "to": 100
                        },
                        "percent": 0.2
                    },
                    {
                        "range":
                        {
                            "from": 100,
                            "to": 1000
                        },
                        "percent": 0.15
                    },
                    {
                        "range":
                        {
                            "from": 1000,
                            "to": 5000
                        },
                        "percent": 0.1
                    },
                    {
                        "range":
                        {
                            "from": 5000,
                            "to": null
                        },
                        "percent": 0.05
                    }
                ]
            },
            "Applicable minimum referral fee": null
        },
        {
            "category": "Gift Cards",
            "is_media": false,
            "Referral fee percentages":
            {
                "type": "normal",
                "percent": 0.2
            },
            "Applicable minimum referral fee": null
        },
        {
            "category": "Grocery & Gourmet Food",
            "is_media": false,
            "Referral fee percentages":
            {
                "type": "divide",
                "formulas":
                [
                    {
                        "range":
                        {
                            "from": 0,
                            "to": 15
                        },
                        "percent": 0.08
                    },
                    {
                        "range":
                        {
                            "from": 15,
                            "to": null
                        },
                        "percent": 0.15
                    }
                ]
            },
            "Applicable minimum referral fee": null
        },
        {
            "category": "Health & Personal Care (including Personal Care Appliances",
            "is_media": false,
            "Referral fee percentages":
            {
                "type": "divide",
                "formulas":
                [
                    {
                        "range":
                        {
                            "from": 0,
                            "to": 10
                        },
                        "percent": 0.08
                    },
                    {
                        "range":
                        {
                            "from": 10,
                            "to": null
                        },
                        "percent": 0.15
                    }
                ]
            },
            "Applicable minimum referral fee": 0.3
        },
        {
            "category": "Industrial & Scientific (including Food Service and Janitorial & Sanitation)",
            "is_media": false,
            "Referral fee percentages":
            {
                "type": "normal",
                "percent": 0.12
            },
            "Applicable minimum referral fee": 0.3
        },
        {
            "category": "Jewelry",
            "is_media": false,
            "Referral fee percentages":
            {
                "type": "portion",
                "formulas":
                [
                    {
                        "range":
                        {
                            "from": 0,
                            "to": 250
                        },
                        "percent": 0.2
                    },
                    {
                        "range":
                        {
                            "from": 250,
                            "to": null
                        },
                        "percent": 0.05
                    }
                ]
            },
            "Applicable minimum referral fee": 0.3
        },
        {
            "category": "Luggage & Travel Accessories",
            "is_media": false,
            "Referral fee percentages":
            {
                "type": "normal",
                "percent": 0.15
            },
            "Applicable minimum referral fee": 0.3
        },
        {
            "category": "Shoes, Handbags & Sunglasses",
            "is_media": false,
            "Referral fee percentages":
            {
                "type": "normal",
                "percent": 0.15
            },
            "Applicable minimum referral fee": 0.3
        },
        {
            "category": "Sports Collectibles",
            "is_media": false,
            "Referral fee percentages":
            {
                "type": "portion",
                "formulas":
                [
                    {
                        "range":
                        {
                            "from": 0,
                            "to": 100
                        },
                        "percent": 0.2
                    },
                    {
                        "range":
                        {
                            "from": 100,
                            "to": 1000
                        },
                        "percent": 0.1
                    },
                    {
                        "range":
                        {
                            "from": 1000,
                            "to": null
                        },
                        "percent": 0.06
                    }
                ]
            },
            "Applicable minimum referral fee": 0.3
        },
        {
            "category": "Watches",
            "is_media": false,
            "Referral fee percentages":
            {
                "type": "portion",
                "formulas":
                [
                    {
                        "range":
                        {
                            "from": 0,
                            "to": 1500
                        },
                        "percent": 0.16
                    },
                    {
                        "range":
                        {
                            "from": 1500,
                            "to": null
                        },
                        "percent": 0.03
                    }
                ]
            },
            "Applicable minimum referral fee": 0.3
        },
        {
            "category": "Extended Warranties, Protection Plans, and Service Contracts",
            "is_media": false,
            "Referral fee percentages":
            {
                "type": "normal",
                "percent": 0.96
            },
            "Applicable minimum referral fee": 0.3
        }
    ],

    "Refund administration fee":
    {
        "minimum_amount": 5,
        "percent": 0.2
    },

    "dimensional weight divisor": 139,
    "minimum width and height for dimensional weight of oversize items": 2,

    "Product size tier":
    [
        {
            "Product size tier": "Small standard-size",
            "Weight": 0.75,
            "Longest side": 15,
            "Median side": 12,
            "Shortest side": 0.75,
            "Length + girth": null
        },
        {
            "Product size tier": "Large standard-size",
            "Weight": 20,
            "Longest side": 18,
            "Median side": 14,
            "Shortest side": 8,
            "Length + girth": null
        },
        {
            "Product size tier": "Small oversize",
            "Weight": 70,
            "Longest side": 60,
            "Median side": 30,
            "Shortest side": null,
            "Length + girth": 130
        },
        {
            "Product size tier": "Medium oversize",
            "Weight": 150,
            "Longest side": 108,
            "Median side": null,
            "Shortest side": null,
            "Length + girth": 130
        },
        {
            "Product size tier": "Large oversize",
            "Weight": 150,
            "Longest side": 108,
            "Median side": null,
            "Shortest side": null,
            "Length + girth": 165
        },
        {
            "Product size tier": "Special oversize",
            "condition": "over",
            "Weight": 150,
            "Longest side": 108,
            "Median side": null,
            "Shortest side": null,
            "Length + girth": 165
        }
    ],

    "FBA fees":
    [
        {
            "tier": "Small standard-size",
            "use_unit_weight": true,
            "weight range":
            {
                "Packaging weight": 4,
                "from": null,
                "to": 10,
                "unit": "oz",
                "fee":
                [
                    {
                        "type": "non-apparel",
                        "dangerous": false,
                        "fee": 2.5,
                        "extra_fee": null
                    },
                    {
                        "type": "apparel",
                        "dangerous": false,
                        "fee": 2.92,
                        "extra_fee": null
                    },
                    {
                        "type": "non-apparel",
                        "dangerous": true,
                        "fee": 3.43,
                        "extra_fee": null
                    },
                    {
                        "type": "apparel",
                        "dangerous": true,
                        "fee": 3.85,
                        "extra_fee": null
                    }
                ],
                "storage fee":
                [
                    {
                        "month":
                        {
                            "from": 1,
                            "to": 9
                        },
                        "fee per cubic foot":
                        {
                            "non-dangerous": 0.75,
                            "dangerous": 0.99
                        }
                    },
                    {
                        "month":
                        {
                            "from": 10,
                            "to": 12
                        },
                        "fee per cubic foot":
                        {
                            "non-dangerous": 2.4,
                            "dangerous": 3.63
                        }
                    }
                ]
            }
        },
        {
            "tier": "Small standard-size",
            "use_unit_weight": true,
            "weight range":
            {
                "Packaging weight": 4,
                "from": 10,
                "to": 16,
                "unit": "oz",
                "fee":
                [
                    {
                        "type": "non-apparel",
                        "dangerous": false,
                        "fee": 2.63,
                        "extra_fee": null
                    },
                    {
                        "type": "apparel",
                        "dangerous": false,
                        "fee": 3.11,
                        "extra_fee": null
                    },
                    {
                        "type": "non-apparel",
                        "dangerous": true,
                        "fee": 3.64,
                        "extra_fee": null
                    },
                    {
                        "type": "apparel",
                        "dangerous": true,
                        "fee": 4.12,
                        "extra_fee": null
                    }
                ],
                "storage fee":
                [
                    {
                        "month":
                        {
                            "from": 1,
                            "to": 9
                        },
                        "fee per cubic foot":
                        {
                            "non-dangerous": 0.75,
                            "dangerous": 0.99
                        }
                    },
                    {
                        "month":
                        {
                            "from": 10,
                            "to": 12
                        },
                        "fee per cubic foot":
                        {
                            "non-dangerous": 2.4,
                            "dangerous": 3.63
                        }
                    }
                ]
            }
        },
        {
            "tier": "Large standard-size",
            "use_unit_weight": true,
            "weight range":
            {
                "Packaging weight": 4,
                "from": null,
                "to": 10,
                "unit": "oz",
                "fee":
                [
                    {
                        "type": "non-apparel",
                        "dangerous": false,
                        "fee": 3.31,
                        "extra_fee": null
                    },
                    {
                        "type": "apparel",
                        "dangerous": false,
                        "fee": 3.7,
                        "extra_fee": null
                    },
                    {
                        "type": "non-apparel",
                        "dangerous": true,
                        "fee": 4.06,
                        "extra_fee": null
                    },
                    {
                        "type": "apparel",
                        "dangerous": true,
                        "fee": 4.45,
                        "extra_fee": null
                    }
                ],
                "storage fee":
                [
                    {
                        "month":
                        {
                            "from": 1,
                            "to": 9
                        },
                        "fee per cubic foot":
                        {
                            "non-dangerous": 0.75,
                            "dangerous": 0.99
                        }
                    },
                    {
                        "month":
                        {
                            "from": 10,
                            "to": 12
                        },
                        "fee per cubic foot":
                        {
                            "non-dangerous": 2.4,
                            "dangerous": 3.63
                        }
                    }
                ]
            }
        },
        {
            "tier": "Large standard-size",
            "use_unit_weight": true,
            "weight range":
            {
                "Packaging weight": 4,
                "from": 10,
                "to": 16,
                "unit": "oz",
                "fee":
                [
                    {
                        "type": "non-apparel",
                        "dangerous": false,
                        "fee": 3.48,
                        "extra_fee": null
                    },
                    {
                        "type": "apparel",
                        "dangerous": false,
                        "fee": 3.81,
                        "extra_fee": null
                    },
                    {
                        "type": "non-apparel",
                        "dangerous": true,
                        "fee": 4.23,
                        "extra_fee": null
                    },
                    {
                        "type": "apparel",
                        "dangerous": true,
                        "fee": 4.56,
                        "extra_fee": null
                    }
                ],
                "storage fee":
                [
                    {
                        "month":
                        {
                            "from": 1,
                            "to": 9
                        },
                        "fee per cubic foot":
                        {
                            "non-dangerous": 0.75,
                            "dangerous": 0.99
                        }
                    },
                    {
                        "month":
                        {
                            "from": 10,
                            "to": 12
                        },
                        "fee per cubic foot":
                        {
                            "non-dangerous": 2.4,
                            "dangerous": 3.63
                        }
                    }
                ]
            }
        },
        {
            "tier": "Large standard-size",
            "use_unit_weight": false,
            "weight range":
            {
                "Packaging weight": 0.25,
                "from": 1,
                "to": 2,
                "unit": "lb",
                "fee":
                [
                    {
                        "type": "non-apparel",
                        "dangerous": false,
                        "fee": 4.9,
                        "extra_fee": null
                    },
                    {
                        "type": "apparel",
                        "dangerous": false,
                        "fee": 5.35,
                        "extra_fee": null
                    },
                    {
                        "type": "non-apparel",
                        "dangerous": true,
                        "fee": 5.47,
                        "extra_fee": null
                    },
                    {
                        "type": "apparel",
                        "dangerous": true,
                        "fee": 5.92,
                        "extra_fee": null
                    }
                ],
                "storage fee":
                [
                    {
                        "month":
                        {
                            "from": 1,
                            "to": 9
                        },
                        "fee per cubic foot":
                        {
                            "non-dangerous": 0.75,
                            "dangerous": 0.99
                        }
                    },
                    {
                        "month":
                        {
                            "from": 10,
                            "to": 12
                        },
                        "fee per cubic foot":
                        {
                            "non-dangerous": 2.4,
                            "dangerous": 3.63
                        }
                    }
                ]
            }
        },
        {
            "tier": "Large standard-size",
            "use_unit_weight": false,
            "weight range":
            {
                "Packaging weight": 0.25,
                "from": 2,
                "to": 3,
                "unit": "lb",
                "fee":
                [
                    {
                        "type": "non-apparel",
                        "dangerous": false,
                        "fee": 5.42,
                        "extra_fee": null
                    },
                    {
                        "type": "apparel",
                        "dangerous": false,
                        "fee": 5.95,
                        "extra_fee": null
                    },
                    {
                        "type": "non-apparel",
                        "dangerous": true,
                        "fee": 5.86,
                        "extra_fee": null
                    },
                    {
                        "type": "apparel",
                        "dangerous": true,
                        "fee": 6.39,
                        "extra_fee": null
                    }
                ],
                "storage fee":
                [
                    {
                        "month":
                        {
                            "from": 1,
                            "to": 9
                        },
                        "fee per cubic foot":
                        {
                            "non-dangerous": 0.75,
                            "dangerous": 0.99
                        }
                    },
                    {
                        "month":
                        {
                            "from": 10,
                            "to": 12
                        },
                        "fee per cubic foot":
                        {
                            "non-dangerous": 2.4,
                            "dangerous": 3.63
                        }
                    }
                ]
            }
        },
        {
            "tier": "Large standard-size",
            "use_unit_weight": false,
            "weight range":
            {
                "Packaging weight": 0.25,
                "from": 3,
                "to": 21,
                "unit": "lb",
                "fee":
                [
                    {
                        "type": "non-apparel",
                        "dangerous": false,
                        "fee": 5.42,
                        "extra_fee":
                        {
                            "base": 3,
                            "fee": 0.38
                        }
                    },
                    {
                        "type": "apparel",
                        "dangerous": false,
                        "fee": 5.95,
                        "extra_fee":
                        {
                            "base": 3,
                            "fee": 0.38
                        }
                    },
                    {
                        "type": "non-apparel",
                        "dangerous": true,
                        "fee": 5.86,
                        "extra_fee":
                        {
                            "base": 3,
                            "fee": 0.38
                        }
                    },
                    {
                        "type": "apparel",
                        "dangerous": true,
                        "fee": 6.39,
                        "extra_fee":
                        {
                            "base": 3,
                            "fee": 0.38
                        }
                    }
                ],
                "storage fee":
                [
                    {
                        "month":
                        {
                            "from": 1,
                            "to": 9
                        },
                        "fee per cubic foot":
                        {
                            "non-dangerous": 0.75,
                            "dangerous": 0.99
                        }
                    },
                    {
                        "month":
                        {
                            "from": 10,
                            "to": 12
                        },
                        "fee per cubic foot":
                        {
                            "non-dangerous": 2.4,
                            "dangerous": 3.63
                        }
                    }
                ]
            }
        },

        {
            "tier": "Small oversize",
            "use_unit_weight": false,
            "weight range":
            {
                "Packaging weight": 1,
                "from": null,
                "to": 71,
                "unit": "lb",
                "fee":
                [
                    {
                        "type": "all",
                        "dangerous": false,
                        "fee": 8.26,
                        "extra_fee":
                        {
                            "base": 2,
                            "fee": 0.38
                        }
                    },
                    {
                        "type": "all",
                        "dangerous": true,
                        "fee": 8.98,
                        "extra_fee":
                        {
                            "base": 2,
                            "fee": 0.38
                        }
                    }
                ],
                "storage fee":
                [
                    {
                        "month":
                        {
                            "from": 1,
                            "to": 9
                        },
                        "fee per cubic foot":
                        {
                            "non-dangerous": 0.48,
                            "dangerous": 0.78
                        }
                    },
                    {
                        "month":
                        {
                            "from": 10,
                            "to": 12
                        },
                        "fee per cubic foot":
                        {
                            "non-dangerous": 1.2,
                            "dangerous": 2.43
                        }
                    }
                ]
            }
        },
        {
            "tier": "Medium oversize",
            "use_unit_weight": false,
            "weight range":
            {
                "Packaging weight": 1,
                "from": null,
                "to": 151,
                "unit": "lb",
                "fee":
                [
                    {
                        "type": "all",
                        "dangerous": false,
                        "fee": 11.37,
                        "extra_fee":
                        {
                            "base": 2,
                            "fee": 0.39
                        }
                    },
                    {
                        "type": "all",
                        "dangerous": true,
                        "fee": 11.22,
                        "extra_fee":
                        {
                            "base": 2,
                            "fee": 0.39
                        }
                    }
                ],
                "storage fee":
                [
                    {
                        "month":
                        {
                            "from": 1,
                            "to": 9
                        },
                        "fee per cubic foot":
                        {
                            "non-dangerous": 0.48,
                            "dangerous": 0.78
                        }
                    },
                    {
                        "month":
                        {
                            "from": 10,
                            "to": 12
                        },
                        "fee per cubic foot":
                        {
                            "non-dangerous": 1.2,
                            "dangerous": 2.43
                        }
                    }
                ]
            }
        },
        {
            "tier": "Large oversize",
            "use_unit_weight": false,
            "weight range":
            {
                "Packaging weight": 1,
                "from": null,
                "to": 151,
                "unit": "lb",
                "fee":
                [
                    {
                        "type": "all",
                        "dangerous": false,
                        "fee": 75.78,
                        "extra_fee":
                        {
                            "base": 90,
                            "fee": 0.79
                        }
                    },
                    {
                        "type": "all",
                        "dangerous": true,
                        "fee": 87.14,
                        "extra_fee":
                        {
                            "base": 90,
                            "fee": 0.79
                        }
                    }
                ],
                "storage fee":
                [
                    {
                        "month":
                        {
                            "from": 1,
                            "to": 9
                        },
                        "fee per cubic foot":
                        {
                            "non-dangerous": 0.48,
                            "dangerous": 0.78
                        }
                    },
                    {
                        "month":
                        {
                            "from": 10,
                            "to": 12
                        },
                        "fee per cubic foot":
                        {
                            "non-dangerous": 1.2,
                            "dangerous": 2.43
                        }
                    }
                ]
            }
        },
        {
            "tier": "Special oversize",
            "use_unit_weight": true,
            "weight range":
            {
                "Packaging weight": 1,
                "from": null,
                "to": null,
                "unit": "lb",
                "fee":
                [
                    {
                        "type": "all",
                        "dangerous": false,
                        "fee": 137.32,
                        "extra_fee":
                        {
                            "base": 90,
                            "fee": 0.91
                        }
                    },
                    {
                        "type": "all",
                        "dangerous": true,
                        "fee": 157.12,
                        "extra_fee":
                        {
                            "base": 90,
                            "fee": 0.91
                        }
                    }
                ],
                "storage fee":
                [
                    {
                        "month":
                        {
                            "from": 1,
                            "to": 9
                        },
                        "fee per cubic foot":
                        {
                            "non-dangerous": 0.48,
                            "dangerous": 0.78
                        }
                    },
                    {
                        "month":
                        {
                            "from": 10,
                            "to": 12
                        },
                        "fee per cubic foot":
                        {
                            "non-dangerous": 1.2,
                            "dangerous": 2.43
                        }
                    }
                ]
            }
        }
    ]
}